ID,Title
1,Accounting
2,"Actuarial Science - Life, Retirement, Longevity"
3,Agent Preferences
4,"Analytics, Cyber, InsurTech"
5,Asymmetric Information
6,Behavioral Insurance
7,Catastrophe Risk
8,Corporate Finance and ERM
9,"Finance (Derivatives, Empirical Asset Pricing, Microstructure, & Systemic Risk)"
10,Health
11,Insurance Company Operations
12,Insurance Economics
13,Insurance Market Performance
14,"Longevity, Long-Term Care, Life Annuities, & Retirement"
15,"Regulation, Solvency, Public Policy"